<component name="CustomTextEditBox" extends="Group">

<interface>
    <field id="id" type="string" />
    <field id="width" type="float" alias="bounds.width" onChange="setBackgroundWidth" />
    <field id="height" type="float" alias="bounds.height" onChange="setBackgroundHeight" />
    <field id="scaleIndex" type="float" value="0.9" />
    <field id="hintText" type="integer" value="text" alias="textEditBox.hintText" />
    <field id="secureMode" type="boolean" alias="textEditBox.secureMode"/>
    <field id="text" type="string" alias="textEditBox.text"/>
    <field id="hintTextColor" type="integer" alias="textEditBox.hintTextColor" />
    <field id="textColor" type="color" alias="textEditBox.textColor" />
</interface>

<children>
    <Rectangle
    id="bounds"
    color="00FFFFFF "
    blendingEnabled= "true">
    <!-- transparent and blended color -->
    <Poster
    id="background"
    uri="pkg:/images/textBox.png"
    opacity = "0.6"
    />
    <TextEditBox
    id="textEditBox"
    textColor="#616161"   
    backgroundUri= "none"
    hintTextColor= "##ffffff"
    leadingEllipsis= "true"
    />
    <!-- no background image -->
    </Rectangle>
</children>
<script type="text/brightscript" uri="pkg:/components/CustomTextEditBox/CustomTextEditBox.brs" />
</component>