<?xml version="1.0" encoding="utf-8"?>

<component name ="LoadingAnimation" extends="Group" >

<interface>
    <field id="duration" type="time" value= "1" onChange= "setDuration"/>
    <field id="control" type="string" value= "start" onChange= "remoteAnimation"/>
</interface>

<script type ="text/brightscript" uri="pkg:/components/LoadingAnimation/LoadingAnimation.brs" />

<children>

<Group id = "circles" >

<Poster 
id = "circleOne"
width= "20"
height= "20"
translation= "[200, 200]"
uri= "pkg:/images/white_circle.png" />

<Poster id = "circleTwo"
width= "20"
height= "20"
translation= "[220, 200]"
uri= "pkg:/images/white_circle.png" />
          
<Poster id = "circleThree"
width= "20"
height= "20"
translation= "[240, 200]"
uri= "pkg:/images/white_circle.png" />

</Group>

<ParallelAnimation id = "animateCircles" >

<Animation 
id = "c1Animation" 
easeFunction = "linear"
repeat = "true"
delay = "0.1" >
<Vector2DFieldInterpolator id = "c1translation"
fieldToInterp = "circleOne.translation"
key= "[0.0, 0.20, 0.60, 0.80, 1.0]"
keyValue= "[ [0.0, 20.0], [0.0, 0.0], [0.0, 0.0], [0.0, 20.0], [0.0, 20.0] ]"/>
</Animation>

<Animation 
id = "c2Animation" 
easeFunction = "linear"
repeat = "true"
delay = "0.2" >
<Vector2DFieldInterpolator id = "c2translation"
fieldToInterp = "circleTwo.translation"
key= "[0.0, 0.20, 0.60, 0.80, 1.0]"
keyValue= "[ [20.0, 20.0], [20.0, 0.0], [20.0, 0.0], [20.0, 20.0], [20.0, 20.0] ]"/>
</Animation>

<Animation id = "c3Animation" 
easeFunction = "linear"
repeat = "true"
delay = "0.3" >
<Vector2DFieldInterpolator id = "c3translation"
fieldToInterp = "circleThree.translation"
key= "[0.0, 0.30, 0.60, 0.80, 1.0]"
keyValue= "[ [40.0, 20.0], [40.0, 0.0], [40.0, 0.0], [40.0, 20.0], [40.0, 20.0] ]"/>
</Animation>

<Animation id = "c1AnimationColor" 
easeFunction = "linear"
repeat = "true"
delay = "0.1" >
<ColorFieldInterpolator id = "c1color"
key="[0.0, 0.5, 1.0]" 
keyValue="[ 0x000000FF, 0x0000FF00, 0x00FF0000]"
fieldToInterp="circleOne.blendColor"/>
</Animation>

<Animation id = "c2AnimationColor" 
easeFunction = "linear"
repeat = "true"
delay = "0.2" >
<ColorFieldInterpolator id = "c2color"
key="[0.0, 0.5, 1.0]" 
keyValue="[ 0x000000FF, 0x0000FF00, 0x00FF0000]"
fieldToInterp="circleTwo.blendColor"/>
</Animation>

<Animation id = "c3AnimationColor" 
easeFunction = "linear"
repeat = "true"
delay = "0.3" >
<ColorFieldInterpolator id = "c3color"
key="[0.0, 0.5, 1.0]" 
keyValue="[ 0x000000FF, 0x0000FF00, 0x00FF0000]"
fieldToInterp="circleThree.blendColor"/>
</Animation>

</ParallelAnimation>


</children>

</component>